species_key,species_name,lme_id,lme_name
7Q5KP,Antiopella cristata,14,Iberian Coastal
LQ348,Asparagopsis armata,14,Iberian Coastal
LSKVH,Austrominius modestus,14,Iberian Coastal
K7PV,Baccharis spicata,14,Iberian Coastal
MMNXQ,Balanus trigonus,14,Iberian Coastal
MPMK,Botrylloides diegensis,14,Iberian Coastal
N6PH,Branchiomma luctuosum,14,Iberian Coastal
PS2Z,Calliostoma zizyphinum,14,Iberian Coastal
Q76B,Calyptraea chinensis,14,Iberian Coastal
QSCF,Caprella mutica,14,Iberian Coastal
R48N,Carcinus maenas,14,Iberian Coastal
M9Y66,Caulacanthus okamurae,14,Iberian Coastal
M9Y6S,Caulacanthus ustulatus,14,Iberian Coastal
M9ZRK,Caulerpa prolifera,14,Iberian Coastal
SXGX,Cereus pedunculatus,14,Iberian Coastal
TVBX,Chelon labrosus,14,Iberian Coastal
ML9NC,Chondria coerulescens,14,Iberian Coastal
MVLMW,Chthamalus stellatus,14,Iberian Coastal
N4VRP,Codium fragile,14,Iberian Coastal
YSGX,Coryphoblennius galerita,14,Iberian Coastal
6BVN8,Cynoscion regalis,14,Iberian Coastal
N7ZH7,Dictyota cyanoloma,14,Iberian Coastal
6CY2M,Diplodus vulgaris,14,Iberian Coastal
36WJ4,Distaplia bermudensis,14,Iberian Coastal
6HVS2,Ficopomatus enigmaticus,14,Iberian Coastal
PGMCT,Fucus serratus,14,Iberian Coastal
3GQ9Z,Gobius xanthocephalus,14,Iberian Coastal
6KZCH,Haliotis tuberculata,14,Iberian Coastal
3KP8C,Hemigrapsus takanoi,14,Iberian Coastal
3T7JW,Lepadogaster candolii,14,Iberian Coastal
3VNQM,Littorina obtusata,14,Iberian Coastal
44RHY,Mya arenaria,14,Iberian Coastal
482KT,Nucella lapillus,14,Iberian Coastal
6T3K7,Opuntia elatior,14,Iberian Coastal
9GQWD,Palaemon elegans,14,Iberian Coastal
4CMHV,Parablennius incognitus,14,Iberian Coastal
9XW6F,Penaeus kerathurus,14,Iberian Coastal
RCDCN,Perforatus perforatus,14,Iberian Coastal
4FS5C,Phallusia mammillata,14,Iberian Coastal
4GRD8,Phorcus sauciatus,14,Iberian Coastal
4GRZN,Phoronis hippocrepia,14,Iberian Coastal
4HVTW,Pilumnus hirtellus,14,Iberian Coastal
7WLRT,Procambarus clarkii,14,Iberian Coastal
7935Q,Rana dalmatina,14,Iberian Coastal
6WYS2,Sabella spallanzanii,14,Iberian Coastal
4XPGQ,Siphonaria pectinata,14,Iberian Coastal
6Z55C,Solea senegalensis,14,Iberian Coastal
4YF8Y,Sparus aurata,14,Iberian Coastal
4Z2GH,Sphoeroides pachygaster,14,Iberian Coastal
5387D,Styela clava,14,Iberian Coastal
53WJY,Syngnathus abaster,14,Iberian Coastal
59435,Tritia neritea,14,Iberian Coastal
7CWT9,Truncatella subcylindrica,14,Iberian Coastal
TRJJ4,Undaria pinnatifida,14,Iberian Coastal
NPRJ,Bugula neritina,14,Iberian Coastal
VFD7,Ciona robusta,14,Iberian Coastal
Z4FP,Crambe crambe,14,Iberian Coastal
38PCQ,Ecteinascidia turbinata,14,Iberian Coastal
6RVDM,Necora puber,14,Iberian Coastal
SXTX7,Sphaerococcus coronopifolius,14,Iberian Coastal
5BV6H,Watersipora subtorquata,14,Iberian Coastal
3JBV8,Halichoerus grypus,14,Iberian Coastal
B29V,Agonus cataphractus,6,Celtic-Biscay Shelf
BSN6,Alitta succinea,6,Celtic-Biscay Shelf
66DTZ,Ammothea hilgendorfi,6,Celtic-Biscay Shelf
LCHL9,Amphibalanus eburneus,6,Celtic-Biscay Shelf
7Q5KP,Antiopella cristata,6,Celtic-Biscay Shelf
FNWY,Aplidium glabrum,6,Celtic-Biscay Shelf
LQ348,Asparagopsis armata,6,Celtic-Biscay Shelf
686FK,Asterocarpa humilis,6,Celtic-Biscay Shelf
LSKVH,Austrominius modestus,6,Celtic-Biscay Shelf
MMPRV,Balanus balanus,6,Celtic-Biscay Shelf
MPMK,Botrylloides diegensis,6,Celtic-Biscay Shelf
MPMV,Botrylloides leachii,6,Celtic-Biscay Shelf
PS2Z,Calliostoma zizyphinum,6,Celtic-Biscay Shelf
Q76B,Calyptraea chinensis,6,Celtic-Biscay Shelf
QSCF,Caprella mutica,6,Celtic-Biscay Shelf
R48N,Carcinus maenas,6,Celtic-Biscay Shelf
M9Y66,Caulacanthus okamurae,6,Celtic-Biscay Shelf
SXGX,Cereus pedunculatus,6,Celtic-Biscay Shelf
TB5V,Chaetoceros lorenzianus,6,Celtic-Biscay Shelf
TVBX,Chelon labrosus,6,Celtic-Biscay Shelf
ML9NC,Chondria coerulescens,6,Celtic-Biscay Shelf
MM697,Chorda filum,6,Celtic-Biscay Shelf
MVLMW,Chthamalus stellatus,6,Celtic-Biscay Shelf
N4VRP,Codium fragile,6,Celtic-Biscay Shelf
YSGX,Coryphoblennius galerita,6,Celtic-Biscay Shelf
Z8ZR,Craterolophus convolvulus,6,Celtic-Biscay Shelf
ZJCF,Crisularia plumosa,6,Celtic-Biscay Shelf
32WFN,Cyclopterus lumpus,6,Celtic-Biscay Shelf
358C6,Diadumene lineata,6,Celtic-Biscay Shelf
6CY2M,Diplodus vulgaris,6,Celtic-Biscay Shelf
36PZC,Dipolydora quadrilobata,6,Celtic-Biscay Shelf
3D8MS,Eusarsiella zostericola,6,Celtic-Biscay Shelf
6HVS2,Ficopomatus enigmaticus,6,Celtic-Biscay Shelf
PGHVY,Fucus distichus,6,Celtic-Biscay Shelf
PGMCT,Fucus serratus,6,Celtic-Biscay Shelf
6KZCH,Haliotis tuberculata,6,Celtic-Biscay Shelf
7VBK3,Halisarca dujardinii,6,Celtic-Biscay Shelf
L26KD,Hemigrapsus sanguineus,6,Celtic-Biscay Shelf
3NHYZ,Hymeniacidon perlevis,6,Celtic-Biscay Shelf
3T7JW,Lepadogaster candolii,6,Celtic-Biscay Shelf
3VNQM,Littorina obtusata,6,Celtic-Biscay Shelf
VL8MP,Melanothamnus harveyi,6,Celtic-Biscay Shelf
3ZTFD,Mercenaria mercenaria,6,Celtic-Biscay Shelf
42Z4T,Micromesistius poutassou,6,Celtic-Biscay Shelf
44RHY,Mya arenaria,6,Celtic-Biscay Shelf
482KT,Nucella lapillus,6,Celtic-Biscay Shelf
48GMW,Ocinebrellus inornatus,6,Celtic-Biscay Shelf
9GQWD,Palaemon elegans,6,Celtic-Biscay Shelf
RCDCN,Perforatus perforatus,6,Celtic-Biscay Shelf
4FDSH,Petricolaria pholadiformis,6,Celtic-Biscay Shelf
4FS5C,Phallusia mammillata,6,Celtic-Biscay Shelf
4GRZN,Phoronis hippocrepia,6,Celtic-Biscay Shelf
4HVTW,Pilumnus hirtellus,6,Celtic-Biscay Shelf
4L63D,Polydora cornuta,6,Celtic-Biscay Shelf
RZPNM,Porphyra umbilicalis,6,Celtic-Biscay Shelf
7WLRT,Procambarus clarkii,6,Celtic-Biscay Shelf
7935Q,Rana dalmatina,6,Celtic-Biscay Shelf
4RF6D,Rangia cuneata,6,Celtic-Biscay Shelf
4RSPZ,Reptadeonella violacea,6,Celtic-Biscay Shelf
SHPG2,Rhizosolenia styliformis,6,Celtic-Biscay Shelf
6WYS2,Sabella spallanzanii,6,Celtic-Biscay Shelf
4TV6Q,Sabellaria spinulosa,6,Celtic-Biscay Shelf
79WZK,Schizoporella japonica,6,Celtic-Biscay Shelf
4VRNP,Scolelepis bonnieri,6,Celtic-Biscay Shelf
4VRP9,Scolelepis korsuni,6,Celtic-Biscay Shelf
SSBTH,Solieria chordalis,6,Celtic-Biscay Shelf
4YF8Y,Sparus aurata,6,Celtic-Biscay Shelf
5387D,Styela clava,6,Celtic-Biscay Shelf
T8WJW,Thalassiosira nordenskioeldii,6,Celtic-Biscay Shelf
59435,Tritia neritea,6,Celtic-Biscay Shelf
7CWT9,Truncatella subcylindrica,6,Celtic-Biscay Shelf
7CXK2,Tubificoides benedii,6,Celtic-Biscay Shelf
7D9J2,Tubificoides pseudogaster,6,Celtic-Biscay Shelf
59K2N,Tubularia indivisa,6,Celtic-Biscay Shelf
TRJJ4,Undaria pinnatifida,6,Celtic-Biscay Shelf
5CS3F,Yoldia limatula,6,Celtic-Biscay Shelf
MPNZ,Botrylloides violaceus,6,Celtic-Biscay Shelf
NPRJ,Bugula neritina,6,Celtic-Biscay Shelf
3HRQS,Gymnodinium catenatum,6,Celtic-Biscay Shelf
Q9BCD,Karenia mikimotoi,6,Celtic-Biscay Shelf
43VGP,Molgula manhattensis,6,Celtic-Biscay Shelf
73P2T,Monocorophium sextonae,6,Celtic-Biscay Shelf
6RVDM,Necora puber,6,Celtic-Biscay Shelf
RWNKZ,Prorocentrum cordatum,6,Celtic-Biscay Shelf
SHPCB,Rhizosolenia setigera,6,Celtic-Biscay Shelf
SXTX7,Sphaerococcus coronopifolius,6,Celtic-Biscay Shelf
52F56,Sternaspis scutata,6,Celtic-Biscay Shelf
7C6PW,Thecacera pennigera,6,Celtic-Biscay Shelf
5BV6H,Watersipora subtorquata,6,Celtic-Biscay Shelf
5D4CT,Zeuxo holdichi,6,Celtic-Biscay Shelf
3JBV8,Halichoerus grypus,6,Celtic-Biscay Shelf
8L46,Ablennes hians,13,Mediterranean Sea
8YV5,Acanthopagrus bifasciatus,13,Mediterranean Sea
92PN,Acanthurus monroviae,13,Mediterranean Sea
92RN,Acanthurus xanthopterus,13,Mediterranean Sea
65RJW,Agetus flaccus,13,Mediterranean Sea
663JW,Agetus typicus,13,Mediterranean Sea
BNXS,Alepes djedaba,13,Mediterranean Sea
BSN6,Alitta succinea,13,Mediterranean Sea
LCHL9,Amphibalanus eburneus,13,Mediterranean Sea
DCJ6,Anadara transversa,13,Mediterranean Sea
7Q5KP,Antiopella cristata,13,Mediterranean Sea
FB5F,Aphanius fasciatus,13,Mediterranean Sea
FNWY,Aplidium glabrum,13,Mediterranean Sea
FT9T,Apogonichthyoides pharaonis,13,Mediterranean Sea
FZX4,Aquilonastra burtoni,13,Mediterranean Sea
LQ348,Asparagopsis armata,13,Mediterranean Sea
J98K,Atergatis roseus,13,Mediterranean Sea
5VWXQ,Atherinomorus forskalii,13,Mediterranean Sea
MMNXQ,Balanus trigonus,13,Mediterranean Sea
5WJTR,Beroe ovata,13,Mediterranean Sea
LY29,Biuve fulvipunctata,13,Mediterranean Sea
LY3S,Bivetiella cancellata,13,Mediterranean Sea
MPMK,Botrylloides diegensis,13,Mediterranean Sea
MPMV,Botrylloides leachii,13,Mediterranean Sea
MSSL,Brachidontes pharaonis,13,Mediterranean Sea
N6PH,Branchiomma luctuosum,13,Mediterranean Sea
7QHBL,Bursatella leachii,13,Mediterranean Sea
PS2Z,Calliostoma zizyphinum,13,Mediterranean Sea
CFJXC,Calocalanus pavo,13,Mediterranean Sea
5WVDL,Calocalanus pavoninus,13,Mediterranean Sea
PX2G,Calocalanus plumulosus,13,Mediterranean Sea
PX2R,Calocalanus tenuis,13,Mediterranean Sea
Q76B,Calyptraea chinensis,13,Mediterranean Sea
R2NP,Caranx crysos,13,Mediterranean Sea
R48N,Carcinus maenas,13,Mediterranean Sea
M9ZRK,Caulerpa prolifera,13,Mediterranean Sea
MB27H,Caulerpa taxifolia,13,Mediterranean Sea
SDPG,Cephalopholis taeniops,13,Mediterranean Sea
SXGX,Cereus pedunculatus,13,Mediterranean Sea
SZDC,Cerithium scabridum,13,Mediterranean Sea
THS7,Chama pacifica,13,Mediterranean Sea
TPTB,Charybdis hellerii,13,Mediterranean Sea
TRZ5,Cheilodipterus novemstriatus,13,Mediterranean Sea
TVBX,Chelon labrosus,13,Mediterranean Sea
5YHDK,Chromogobius zebratus,13,Mediterranean Sea
84MWV,Chrysaora pseudoocellata,13,Mediterranean Sea
MVLMW,Chthamalus stellatus,13,Mediterranean Sea
VV7H,Clavelina dellavallei,13,Mediterranean Sea
VV8C,Clavelina oblonga,13,Mediterranean Sea
N4VRP,Codium fragile,13,Mediterranean Sea
5ZLQH,Coleusia signata,13,Mediterranean Sea
XRF9,Conomurex persicus,13,Mediterranean Sea
5ZYZX,Corbicula fluminalis,13,Mediterranean Sea
YNT5,Corycaeus clausi,13,Mediterranean Sea
YSDX,Coryphellina rubrolineata,13,Mediterranean Sea
YSGX,Coryphoblennius galerita,13,Mediterranean Sea
YZCQ,Cotylorhiza erythraea,13,Mediterranean Sea
ZJCF,Crisularia plumosa,13,Mediterranean Sea
3256V,Ctenocalanus vanus,13,Mediterranean Sea
6BMJM,Ctenogobius boleosoma,13,Mediterranean Sea
34D2F,Decapterus russelli,13,Mediterranean Sea
35864,Diadema setosum,13,Mediterranean Sea
358C6,Diadumene lineata,13,Mediterranean Sea
N7ZH7,Dictyota cyanoloma,13,Mediterranean Sea
6D7D3,Diodora ruppellii,13,Mediterranean Sea
6CY2M,Diplodus vulgaris,13,Mediterranean Sea
36WJ4,Distaplia bermudensis,13,Mediterranean Sea
6DHDK,Dorvillea similis,13,Mediterranean Sea
6F5ZX,Elysia ornata,13,Mediterranean Sea
39NJT,Enchelycore anatina,13,Mediterranean Sea
6G5LM,Epinephelus caninus,13,Mediterranean Sea
6G5MZ,Epinephelus coioides,13,Mediterranean Sea
6GHWY,Ergalatax junionae,13,Mediterranean Sea
3DJK6,Exaiptasia diaphana,13,Mediterranean Sea
6HVS2,Ficopomatus enigmaticus,13,Mediterranean Sea
6J77G,Fistularia commersonii,13,Mediterranean Sea
6J6V6,Fistularia petimba,13,Mediterranean Sea
6K3WF,Fulvia fragilis,13,Mediterranean Sea
6JWF2,Gafrarium savignyi,13,Mediterranean Sea
3F8NP,Gammogobius steinitzi,13,Mediterranean Sea
3FZJF,Gibbula ardens,13,Mediterranean Sea
3GQ9Z,Gobius xanthocephalus,13,Mediterranean Sea
3GW52,Goniobranchus annulatus,13,Mediterranean Sea
3GW5Z,Goniobranchus obsoletus,13,Mediterranean Sea
6L2HF,Gonioinfradens giardi,13,Mediterranean Sea
6KZCH,Haliotis tuberculata,13,Mediterranean Sea
3JFLP,Halophila stipulacea,13,Mediterranean Sea
3KV39,Heniochus intermedius,13,Mediterranean Sea
3KYK3,Herdmania momus,13,Mediterranean Sea
3KZ74,Herklotsichthys punctatus,13,Mediterranean Sea
3LY4N,Himantura uarnak,13,Mediterranean Sea
3NHYZ,Hymeniacidon perlevis,13,Mediterranean Sea
3P33V,Hypselodoris infucata,13,Mediterranean Sea
6NBLQ,Istiblennius meleagris,13,Mediterranean Sea
3R8JQ,Kirkegaardia dorsobranchialis,13,Mediterranean Sea
3RX8X,Lagocephalus sceleratus,13,Mediterranean Sea
3RX94,Lagocephalus suezensis,13,Mediterranean Sea
7RTD2,Lamprohaminoea ovalis,13,Mediterranean Sea
3T7JW,Lepadogaster candolii,13,Mediterranean Sea
725YR,Leucos aula,13,Mediterranean Sea
72PX9,Lumbrineris perkinsi,13,Mediterranean Sea
3X99P,Macrorhynchia philippina,13,Mediterranean Sea
3XNGV,Malleus regula,13,Mediterranean Sea
3Y7LV,Marivagia stellata,13,Mediterranean Sea
3YFLW,Matuta victor,13,Mediterranean Sea
3YSD7,Megachile sculpturalis,13,Mediterranean Sea
738Y7,Melibe viridis,13,Mediterranean Sea
4224W,Mesochaetopterus rogeri,13,Mediterranean Sea
QJZ24,Microeuraphia depressa,13,Mediterranean Sea
42Z4T,Micromesistius poutassou,13,Mediterranean Sea
6RMTQ,Mobula mobular,13,Mediterranean Sea
446DR,Monocorophium insidiosum,13,Mediterranean Sea
44M44,Murex forskoehlii,13,Mediterranean Sea
44RHY,Mya arenaria,13,Mediterranean Sea
456PK,Myra subgranulata,13,Mediterranean Sea
46829,Nemipterus randalli,13,Mediterranean Sea
482KT,Nucella lapillus,13,Mediterranean Sea
4925M,Oithona plumifera,13,Mediterranean Sea
49FLG,Oncaea mediterranea,13,Mediterranean Sea
6T3K7,Opuntia elatior,13,Mediterranean Sea
75CY5,Ostrea stentina,13,Mediterranean Sea
6TDDM,Ova canalifera,13,Mediterranean Sea
4BZB9,Pagellus bellottii,13,Mediterranean Sea
9GQWD,Palaemon elegans,13,Mediterranean Sea
4CMHV,Parablennius incognitus,13,Mediterranean Sea
6TNVH,Paracalanus nanus,13,Mediterranean Sea
4CP6R,Paracerceis sculpta,13,Mediterranean Sea
4D6PW,Paranthura japonica,13,Mediterranean Sea
75SSX,Parupeneus forsskali,13,Mediterranean Sea
76G5K,Pempheris rhomboidea,13,Mediterranean Sea
9XW52,Penaeus aztecus,13,Mediterranean Sea
9XW6F,Penaeus kerathurus,13,Mediterranean Sea
76JN9,Pennaria disticha,13,Mediterranean Sea
773T8,Percnon gibbesi,13,Mediterranean Sea
RCDCN,Perforatus perforatus,13,Mediterranean Sea
4FS5C,Phallusia mammillata,13,Mediterranean Sea
4FS5J,Phallusia nigra,13,Mediterranean Sea
4GRZN,Phoronis hippocrepia,13,Mediterranean Sea
77FKP,Phyllorhiza punctata,13,Mediterranean Sea
4HVTW,Pilumnus hirtellus,13,Mediterranean Sea
4JP4M,Platycephalus indicus,13,Mediterranean Sea
783MS,Plotosus lineatus,13,Mediterranean Sea
4KZVJ,Polyandrocarpa zorritensis,13,Mediterranean Sea
4L3W7,Polycerella emertoni,13,Mediterranean Sea
4L63Z,Polydora hoplura,13,Mediterranean Sea
4LCTF,Polyophthalmus pictus,13,Mediterranean Sea
4LQMJ,Pomadasys stridens,13,Mediterranean Sea
4LQXH,Pomatoschistus marmoratus,13,Mediterranean Sea
4M2PP,Portunus segnis,13,Mediterranean Sea
4M3CW,Potamilla torelli,13,Mediterranean Sea
7WLRT,Procambarus clarkii,13,Mediterranean Sea
S6DTJ,Pseudo-nitzschia australis,13,Mediterranean Sea
4P4YV,Pseudonereis anomala,13,Mediterranean Sea
4PFGR,Pseudupeneus prayensis,13,Mediterranean Sea
78LBQ,Pteragogus trispilus,13,Mediterranean Sea
4PWV4,Pterois miles,13,Mediterranean Sea
7935Q,Rana dalmatina,13,Mediterranean Sea
4RSPZ,Reptadeonella violacea,13,Mediterranean Sea
6WTNK,Rhinoclavis kochi,13,Mediterranean Sea
6WVVY,Rhopilema nomadica,13,Mediterranean Sea
6WWSX,Rissoina bertholleti,13,Mediterranean Sea
6WYS2,Sabella spallanzanii,13,Mediterranean Sea
6XMPJ,Sargocentron rubrum,13,Mediterranean Sea
8VC8J,Saron marmoratus,13,Mediterranean Sea
6XPVZ,Saurida lessepsianus,13,Mediterranean Sea
6Y7Y7,Scartella cristata,13,Mediterranean Sea
79VXT,Scarus ghobban,13,Mediterranean Sea
4VTWY,Scomberomorus commerson,13,Mediterranean Sea
4WR9Q,Septifer cumingii,13,Mediterranean Sea
6YJBJ,Seriola fasciata,13,Mediterranean Sea
6YMS7,Sigambra parva,13,Mediterranean Sea
6YMVB,Siganus luridus,13,Mediterranean Sea
6YN5N,Siganus rivulatus,13,Mediterranean Sea
4XDQP,Sillago suezensis,13,Mediterranean Sea
4XPGQ,Siphonaria pectinata,13,Mediterranean Sea
6Z55C,Solea senegalensis,13,Mediterranean Sea
6YVDG,Sparisoma cretense,13,Mediterranean Sea
4YF8Y,Sparus aurata,13,Mediterranean Sea
4Z2LF,Sphyraena chrysotaenia,13,Mediterranean Sea
6ZBYD,Spondylus spinosus,13,Mediterranean Sea
6ZMPN,Stenothoe gallensis,13,Mediterranean Sea
525XX,Stenothoe georgiana,13,Mediterranean Sea
52CCT,Stephanolepis diaspros,13,Mediterranean Sea
53873,Styela canopus,13,Mediterranean Sea
53D7D,Suberites massa,13,Mediterranean Sea
53ML9,Syllidia armata,13,Mediterranean Sea
53R5D,Symplegma brakenhielmi,13,Mediterranean Sea
7B7ZG,Synaptula reciprocans,13,Mediterranean Sea
53WJY,Syngnathus abaster,13,Mediterranean Sea
57GHQ,Torquigener flavimaculosus,13,Mediterranean Sea
7CP97,Triacanthus biaculeatus,13,Mediterranean Sea
58MZR,Triconia dentipes,13,Mediterranean Sea
58N2C,Triconia umerus,13,Mediterranean Sea
59435,Tritia neritea,13,Mediterranean Sea
7CWT9,Truncatella subcylindrica,13,Mediterranean Sea
TRJJ4,Undaria pinnatifida,13,Mediterranean Sea
7DLS5,Upeneus moluccensis,13,Mediterranean Sea
7DM4K,Upeneus pori,13,Mediterranean Sea
7DTG3,Urocorycaeus furcifer,13,Mediterranean Sea
7FFDN,Vanderhorstia mertensi,13,Mediterranean Sea
7FFK2,Vanellus spinosus,13,Mediterranean Sea
5BV6C,Watersipora cucullata,13,Mediterranean Sea
7GD2B,Zebrus zebrus,13,Mediterranean Sea
D626,Amphistegina lobifera,13,Mediterranean Sea
688WN,Atherina boyeri,13,Mediterranean Sea
MPNZ,Botrylloides violaceus,13,Mediterranean Sea
NPRJ,Bugula neritina,13,Mediterranean Sea
VFD7,Ciona robusta,13,Mediterranean Sea
Z4FP,Crambe crambe,13,Mediterranean Sea
38PCQ,Ecteinascidia turbinata,13,Mediterranean Sea
3HRQS,Gymnodinium catenatum,13,Mediterranean Sea
6MJMF,Hydroides dirampha,13,Mediterranean Sea
3QN26,Jassa slatteryi,13,Mediterranean Sea
6RVDM,Necora puber,13,Mediterranean Sea
48L55,Oculina patagonica,13,Mediterranean Sea
4JK6F,Planocera ceratommata,13,Mediterranean Sea
6XX9B,Schizoporella errata,13,Mediterranean Sea
SXTX7,Sphaerococcus coronopifolius,13,Mediterranean Sea
52F56,Sternaspis scutata,13,Mediterranean Sea
552GG,Tayuva lilacina,13,Mediterranean Sea
3JBV8,Halichoerus grypus,13,Mediterranean Sea
6VWWD,Priacanthus sagittarius,13,Mediterranean Sea
R48N,Carcinus maenas,50,Faroe Plateau
32WFN,Cyclopterus lumpus,50,Faroe Plateau
42Z4T,Micromesistius poutassou,50,Faroe Plateau
482KT,Nucella lapillus,50,Faroe Plateau
3JBV8,Halichoerus grypus,50,Faroe Plateau
65BGC,Aetea truncata,53,Norwegian Sea
B29V,Agonus cataphractus,53,Norwegian Sea
L9NW8,Alexandrium tamarense,53,Norwegian Sea
LBG2M,Apedinella radians,53,Norwegian Sea
PS2Z,Calliostoma zizyphinum,53,Norwegian Sea
QSCF,Caprella mutica,53,Norwegian Sea
R48N,Carcinus maenas,53,Norwegian Sea
MM697,Chorda filum,53,Norwegian Sea
N4VRP,Codium fragile,53,Norwegian Sea
32WFN,Cyclopterus lumpus,53,Norwegian Sea
36PZC,Dipolydora quadrilobata,53,Norwegian Sea
36PZF,Dipolydora socialis,53,Norwegian Sea
3BT78,Euchone incolor,53,Norwegian Sea
PGHVY,Fucus distichus,53,Norwegian Sea
PGMCT,Fucus serratus,53,Norwegian Sea
PHYYY,Halosiphon tomentosus,53,Norwegian Sea
3VNQM,Littorina obtusata,53,Norwegian Sea
42Z4T,Micromesistius poutassou,53,Norwegian Sea
44RHY,Mya arenaria,53,Norwegian Sea
472YS,Nephtys ciliata,53,Norwegian Sea
482KT,Nucella lapillus,53,Norwegian Sea
9GQWD,Palaemon elegans,53,Norwegian Sea
RZPNM,Porphyra umbilicalis,53,Norwegian Sea
RVKDP,Pronoctiluca pelagica,53,Norwegian Sea
6WGQH,Pseudopotamilla reniformis,53,Norwegian Sea
79WZK,Schizoporella japonica,53,Norwegian Sea
4VRP9,Scolelepis korsuni,53,Norwegian Sea
4VZML,Scruparia ambigua,53,Norwegian Sea
53ML9,Syllidia armata,53,Norwegian Sea
T8WJW,Thalassiosira nordenskioeldii,53,Norwegian Sea
564M4,Tharyx killariensis,53,Norwegian Sea
7CXK2,Tubificoides benedii,53,Norwegian Sea
59K2N,Tubularia indivisa,53,Norwegian Sea
TPF2X,Vertebrata fucoides,53,Norwegian Sea
L9NRY,Alexandrium minutum,53,Norwegian Sea
NFCHP,Ectocarpus siliculosus,53,Norwegian Sea
Q9BCD,Karenia mikimotoi,53,Norwegian Sea
Q9CYR,Karlodinium veneficum,53,Norwegian Sea
VJY5B,Lessardia elongata,53,Norwegian Sea
RWNKZ,Prorocentrum cordatum,53,Norwegian Sea
S7PNN,Pylaiella littoralis,53,Norwegian Sea
SHPCB,Rhizosolenia setigera,53,Norwegian Sea
52F56,Sternaspis scutata,53,Norwegian Sea
3JBV8,Halichoerus grypus,53,Norwegian Sea
65BGC,Aetea truncata,3,North Sea
L97ZS,Agardhiella subulata,3,North Sea
B29V,Agonus cataphractus,3,North Sea
L9NW8,Alexandrium tamarense,3,North Sea
BSN6,Alitta succinea,3,North Sea
66DTZ,Ammothea hilgendorfi,3,North Sea
7Q5KP,Antiopella cristata,3,North Sea
LBG2M,Apedinella radians,3,North Sea
FNWY,Aplidium glabrum,3,North Sea
GWSX,Artemisia princeps,3,North Sea
LWMWN,Asterionellopsis glacialis,3,North Sea
LSKVH,Austrominius modestus,3,North Sea
MMPRV,Balanus balanus,3,North Sea
M8HX,Boccardiella hamata,3,North Sea
MPMK,Botrylloides diegensis,3,North Sea
MPMV,Botrylloides leachii,3,North Sea
MR4G,Bougainvillia muscus,3,North Sea
PS2Z,Calliostoma zizyphinum,3,North Sea
Q76B,Calyptraea chinensis,3,North Sea
QSCF,Caprella mutica,3,North Sea
R48N,Carcinus maenas,3,North Sea
M9Y66,Caulacanthus okamurae,3,North Sea
MPMSH,Ceramium sungminbooi,3,North Sea
MPMVS,Ceramium tenuicorne,3,North Sea
TB5V,Chaetoceros lorenzianus,3,North Sea
5XNK6,Chaetoceros concavicornis,3,North Sea
TC9N,Chaetogammarus ischnus,3,North Sea
5XQWG,Chelicorophium curvispinum,3,North Sea
TVBX,Chelon labrosus,3,North Sea
ML9NC,Chondria coerulescens,3,North Sea
MM697,Chorda filum,3,North Sea
5YD6L,Chorizopora brongniartii,3,North Sea
N4VRP,Codium fragile,3,North Sea
5ZYZX,Corbicula fluminalis,3,North Sea
32WFN,Cyclopterus lumpus,3,North Sea
NNFVY,Dasya baillouviana,3,North Sea
358C6,Diadumene lineata,3,North Sea
364SQ,Dikerogammarus villosus,3,North Sea
NFDLC,Dinobryon faculiferum,3,North Sea
36PZC,Dipolydora quadrilobata,3,North Sea
36PZF,Dipolydora socialis,3,North Sea
6GNYR,Ericthonius didymus,3,North Sea
NW7G2,Ethmodiscus punctiger,3,North Sea
3BT78,Euchone incolor,3,North Sea
6HVS2,Ficopomatus enigmaticus,3,North Sea
PGHVY,Fucus distichus,3,North Sea
PGMCT,Fucus serratus,3,North Sea
P6PPT,Gelidium vagum,3,North Sea
3H7P6,Grandidierella japonica,3,North Sea
PHYYY,Halosiphon tomentosus,3,North Sea
7RH6D,Haminella solitaria,3,North Sea
3K4QF,Heleobia charruana,3,North Sea
L26KD,Hemigrapsus sanguineus,3,North Sea
3KP8C,Hemigrapsus takanoi,3,North Sea
3KQ9P,Hemimysis anomala,3,North Sea
PTTWN,Hobaniella longicruris,3,North Sea
3NHYZ,Hymeniacidon perlevis,3,North Sea
6MSH5,Ianiropsis serricaudis,3,North Sea
Q2LNR,Lennoxia faveolata,3,North Sea
3VNQM,Littorina obtusata,3,North Sea
6R5XM,Marenzelleria neglecta,3,North Sea
3Y8B5,Marphysa sanguinea,3,North Sea
QJMH2,Megabalanus tintinnabulum,3,North Sea
VL8MP,Melanothamnus harveyi,3,North Sea
3ZTFD,Mercenaria mercenaria,3,North Sea
42Z4T,Micromesistius poutassou,3,North Sea
4347F,Microporella ciliata,3,North Sea
446DR,Monocorophium insidiosum,3,North Sea
44RHY,Mya arenaria,3,North Sea
46FZP,Neodexiospira brasiliensis,3,North Sea
6RW9X,Neogobius melanostomus,3,North Sea
472YS,Nephtys ciliata,3,North Sea
482KT,Nucella lapillus,3,North Sea
48GMW,Ocinebrellus inornatus,3,North Sea
B3YKX,Pagurus longicarpus,3,North Sea
9GQWD,Palaemon elegans,3,North Sea
RDJPC,Peridiniella danica,3,North Sea
4FDSH,Petricolaria pholadiformis,3,North Sea
4HVTW,Pilumnus hirtellus,3,North Sea
4L63D,Polydora cornuta,3,North Sea
RRT64,Polysiphonia senticulosa,3,North Sea
RZPNM,Porphyra umbilicalis,3,North Sea
7WLRT,Procambarus clarkii,3,North Sea
RVKDP,Pronoctiluca pelagica,3,North Sea
4NQJ3,Pseudocalanus elongatus,3,North Sea
SFKBR,Pseudochattonella verruculosa,3,North Sea
4NVZL,Pseudodiaptomus marinus,3,North Sea
6WGQH,Pseudopotamilla reniformis,3,North Sea
SKMYS,Pterosperma cristatum,3,North Sea
7935Q,Rana dalmatina,3,North Sea
4RF6D,Rangia cuneata,3,North Sea
SHPG2,Rhizosolenia styliformis,3,North Sea
4TV6Q,Sabellaria spinulosa,3,North Sea
79WZK,Schizoporella japonica,3,North Sea
4VRNP,Scolelepis bonnieri,3,North Sea
4VRP9,Scolelepis korsuni,3,North Sea
4VZML,Scruparia ambigua,3,North Sea
4YF8Y,Sparus aurata,3,North Sea
TB3ZV,Stephanopyxis turris,3,North Sea
52X2B,Streblospio benedicti,3,North Sea
5387D,Styela clava,3,North Sea
53D7D,Suberites massa,3,North Sea
53ML9,Syllidia armata,3,North Sea
7B8KV,Synidotea laticauda,3,North Sea
T8WJW,Thalassiosira nordenskioeldii,3,North Sea
564M4,Tharyx killariensis,3,North Sea
7CXK2,Tubificoides benedii,3,North Sea
59K2N,Tubularia indivisa,3,North Sea
TRJJ4,Undaria pinnatifida,3,North Sea
7DYQT,Urosalpinx cinerea,3,North Sea
TPF2X,Vertebrata fucoides,3,North Sea
5CS3F,Yoldia limatula,3,North Sea
L9NRY,Alexandrium minutum,3,North Sea
688WN,Atherina boyeri,3,North Sea
M8HY,Boccardiella ligerica,3,North Sea
MPNZ,Botrylloides violaceus,3,North Sea
NPRJ,Bugula neritina,3,North Sea
NFCHP,Ectocarpus siliculosus,3,North Sea
PGJ56,Fucus evanescens,3,North Sea
3HRQS,Gymnodinium catenatum,3,North Sea
Q9BCD,Karenia mikimotoi,3,North Sea
Q9CYR,Karlodinium veneficum,3,North Sea
VJY5B,Lessardia elongata,3,North Sea
43VGP,Molgula manhattensis,3,North Sea
73P2T,Monocorophium sextonae,3,North Sea
6RVDM,Necora puber,3,North Sea
RWNKZ,Prorocentrum cordatum,3,North Sea
S7PNN,Pylaiella littoralis,3,North Sea
SHPCB,Rhizosolenia setigera,3,North Sea
7C6PW,Thecacera pennigera,3,North Sea
5D4CT,Zeuxo holdichi,3,North Sea
3JBV8,Halichoerus grypus,3,North Sea
4L669,Polydora websteri,3,North Sea
6YRDJ,Sinelobus vanhaareni,3,North Sea
B29V,Agonus cataphractus,54,Barents Sea
LBG2M,Apedinella radians,54,Barents Sea
LWMWN,Asterionellopsis glacialis,54,Barents Sea
MMPRV,Balanus balanus,54,Barents Sea
QSCF,Caprella mutica,54,Barents Sea
R48N,Carcinus maenas,54,Barents Sea
TB5V,Chaetoceros lorenzianus,54,Barents Sea
5XNK6,Chaetoceros concavicornis,54,Barents Sea
MM697,Chorda filum,54,Barents Sea
N4VRP,Codium fragile,54,Barents Sea
MV9KS,Coscinodiscus wailesii,54,Barents Sea
32WFN,Cyclopterus lumpus,54,Barents Sea
NFDLC,Dinobryon faculiferum,54,Barents Sea
36PZC,Dipolydora quadrilobata,54,Barents Sea
36PZF,Dipolydora socialis,54,Barents Sea
3BT78,Euchone incolor,54,Barents Sea
PGHVY,Fucus distichus,54,Barents Sea
PGMCT,Fucus serratus,54,Barents Sea
PHYYY,Halosiphon tomentosus,54,Barents Sea
3VNQM,Littorina obtusata,54,Barents Sea
42Z4T,Micromesistius poutassou,54,Barents Sea
44RHY,Mya arenaria,54,Barents Sea
472YS,Nephtys ciliata,54,Barents Sea
482KT,Nucella lapillus,54,Barents Sea
B3JCD,Paralithodes camtschaticus,54,Barents Sea
RZPNM,Porphyra umbilicalis,54,Barents Sea
RVKDP,Pronoctiluca pelagica,54,Barents Sea
6WGQH,Pseudopotamilla reniformis,54,Barents Sea
SKMYS,Pterosperma cristatum,54,Barents Sea
SHPG2,Rhizosolenia styliformis,54,Barents Sea
4VRP9,Scolelepis korsuni,54,Barents Sea
53ML9,Syllidia armata,54,Barents Sea
T8WJW,Thalassiosira nordenskioeldii,54,Barents Sea
564M4,Tharyx killariensis,54,Barents Sea
7CXK2,Tubificoides benedii,54,Barents Sea
59K2N,Tubularia indivisa,54,Barents Sea
L9NRY,Alexandrium minutum,54,Barents Sea
NFCHP,Ectocarpus siliculosus,54,Barents Sea
PGJ56,Fucus evanescens,54,Barents Sea
Q9BCD,Karenia mikimotoi,54,Barents Sea
Q9CYR,Karlodinium veneficum,54,Barents Sea
VJY5B,Lessardia elongata,54,Barents Sea
RWNKZ,Prorocentrum cordatum,54,Barents Sea
S7PNN,Pylaiella littoralis,54,Barents Sea
SHPCB,Rhizosolenia setigera,54,Barents Sea
3JBV8,Halichoerus grypus,54,Barents Sea
B29V,Agonus cataphractus,1,Baltic Sea
BSN6,Alitta succinea,1,Baltic Sea
LBG2M,Apedinella radians,1,Baltic Sea
R48N,Carcinus maenas,1,Baltic Sea
MPMVS,Ceramium tenuicorne,1,Baltic Sea
SSYB,Cercopagis pengoi,1,Baltic Sea
TB5V,Chaetoceros lorenzianus,1,Baltic Sea
5XQWG,Chelicorophium curvispinum,1,Baltic Sea
MM697,Chorda filum,1,Baltic Sea
32WFN,Cyclopterus lumpus,1,Baltic Sea
364SQ,Dikerogammarus villosus,1,Baltic Sea
NFDLC,Dinobryon faculiferum,1,Baltic Sea
36PZC,Dipolydora quadrilobata,1,Baltic Sea
3DGBC,Evadne anonyx,1,Baltic Sea
6HVS2,Ficopomatus enigmaticus,1,Baltic Sea
PGMCT,Fucus serratus,1,Baltic Sea
3H7P6,Grandidierella japonica,1,Baltic Sea
7RH6D,Haminella solitaria,1,Baltic Sea
L26KD,Hemigrapsus sanguineus,1,Baltic Sea
3KP8C,Hemigrapsus takanoi,1,Baltic Sea
3KQ9P,Hemimysis anomala,1,Baltic Sea
3VNQM,Littorina obtusata,1,Baltic Sea
7369N,Marenzelleria arctia,1,Baltic Sea
6R5XM,Marenzelleria neglecta,1,Baltic Sea
446DR,Monocorophium insidiosum,1,Baltic Sea
44RHY,Mya arenaria,1,Baltic Sea
6RW9X,Neogobius melanostomus,1,Baltic Sea
472YS,Nephtys ciliata,1,Baltic Sea
9GQWD,Palaemon elegans,1,Baltic Sea
4D4F3,Paranais frici,1,Baltic Sea
RWQ5H,Plagioselmis prolonga,1,Baltic Sea
4L63D,Polydora cornuta,1,Baltic Sea
4M4PS,Potamothrix hammoniensis,1,Baltic Sea
4NQJ3,Pseudocalanus elongatus,1,Baltic Sea
7935Q,Rana dalmatina,1,Baltic Sea
4RF6D,Rangia cuneata,1,Baltic Sea
52X2B,Streblospio benedicti,1,Baltic Sea
53ML9,Syllidia armata,1,Baltic Sea
T8WJW,Thalassiosira nordenskioeldii,1,Baltic Sea
7CXK2,Tubificoides benedii,1,Baltic Sea
TPF2X,Vertebrata fucoides,1,Baltic Sea
M8HY,Boccardiella ligerica,1,Baltic Sea
NFCHP,Ectocarpus siliculosus,1,Baltic Sea
RWNKZ,Prorocentrum cordatum,1,Baltic Sea
S7PNN,Pylaiella littoralis,1,Baltic Sea
59JTZ,Tubificoides heterochaetus,1,Baltic Sea
3JBV8,Halichoerus grypus,1,Baltic Sea
6YRDJ,Sinelobus vanhaareni,1,Baltic Sea
5WJTR,Beroe ovata,11,Black Sea
Q76B,Calyptraea chinensis,11,Black Sea
YSGX,Coryphoblennius galerita,11,Black Sea
3YSD7,Megachile sculpturalis,11,Black Sea
44RHY,Mya arenaria,11,Black Sea
6RW9X,Neogobius melanostomus,11,Black Sea
9GQWD,Palaemon elegans,11,Black Sea
4CMHV,Parablennius incognitus,11,Black Sea
4JJZC,Planiliza haematocheilus,11,Black Sea
4LQXH,Pomatoschistus marmoratus,11,Black Sea
7935Q,Rana dalmatina,11,Black Sea
4TV6Q,Sabellaria spinulosa,11,Black Sea
53WJY,Syngnathus abaster,11,Black Sea
59435,Tritia neritea,11,Black Sea
7FFK2,Vanellus spinosus,11,Black Sea
688WN,Atherina boyeri,11,Black Sea
